{"name":"aaic-v-2-1","targetUrl":"https://www.appliedaicourse.com","counter":false,"bounce":false,"width":1280,"height":800,"showMenuBar":false,"fastQuit":false,"userAgent":" Mozilla/5.0 (Windows NT 10.0; Win64; x64; rv:65.0) Gecko/20100101 Firefox/65.0 WWWAAICUACSVVDSNGV-2.1","nativefierVersion":"7.7.0","ignoreCertificate":false,"disableGpu":false,"ignoreGpuBlacklist":false,"enableEs3Apis":false,"insecure":false,"flashPluginDir":null,"diskCacheSize":null,"fullScreen":false,"maximize":false,"zoom":1,"internalUrls":".*?\\.*\\.*?","singleInstance":false,"clearCache":false,"win32metadata":{"ProductName":"AAIC-V2.1","InternalName":"AAIC-V2.1","FileDescription":"AAIC-V2.1"},"tray":false,"basicAuthUsername":null,"basicAuthPassword":null,"alwaysOnTop":false,"titleBarStyle":null,"globalShortcuts":null,"backgroundColor":null,"darwinDarkModeSupport":false}