{"name":"applied-ai-course","targetUrl":"https://live.appliedaicourse.com","counter":false,"bounce":false,"width":1280,"height":800,"showMenuBar":false,"fastQuit":false,"userAgent":" Mozilla/5.0 (Windows NT 10.0; Win64; x64; rv:65.0) Gecko/20100101 Firefox/65.0 AAICUACSVVDSNGV1-1","nativefierVersion":"7.6.10","ignoreCertificate":false,"disableGpu":false,"ignoreGpuBlacklist":false,"enableEs3Apis":false,"insecure":false,"flashPluginDir":null,"diskCacheSize":null,"fullScreen":false,"maximize":false,"disableContextMenu":true,"disableDevTools":true,"zoom":1,"internalUrls":".*?\\.*\\.*?","singleInstance":true,"win32metadata":{"ProductName":"Applied AI Course","InternalName":"Applied AI Course","FileDescription":"Applied AI Course"},"tray":false,"basicAuthUsername":null,"basicAuthPassword":null,"alwaysOnTop":false,"titleBarStyle":null,"globalShortcuts":null}